Old Tree Name Id18,Tree Species Name,Common Name,Cultivar,Genus,Species,Mature Tree Size,Tree Name: Created Date
a1iG0000004L6tqIAC,Prunus salicina - Methley,"Plum, Japanese Methley",Methley,Prunus,salicina,,2/12/2016
a1i0f000004H1IwAAK,Malus speciosa - Marilee,"Crabapple, Flowering Marilee",Marilee,Malus,speciosa,,8/30/2017
a1i0f000004GqT2AAK,Ceanothus americanus,New Jersey Tea,,Ceanothus,americanus,,5/26/2017
a1iG00000040BxRIAU,Eucommia ulmoides,"Rubber Tree, Hardy",,Eucommia,ulmoides,Large Tree,4/13/2015
a1iG00000040BxSIAU,Fagus grandifolia,"Beech, American",,Fagus,grandifolia,Large Tree,4/13/2015
a1iG00000040BxTIAU,Fagus sylvatica,"Beech, European",,Fagus,sylvatica,,4/13/2015
a1iG00000040BxUIAU,Ficus carica,"Fig, Common",,Ficus,carica,,4/13/2015
a1iG00000040BxVIAU,Ficus carica - Brown Turkey,"Fig, Common Brown Turkey",Brown Turkey,Ficus,carica,,4/13/2015
a1iG00000040BxWIAU,Ficus carica - Celeste,"Fig, Common Celeste",Celeste,Ficus,carica,,4/13/2015
a1iG00000040BxXIAU,Ficus carica - Hardy Chicago,"Fig, Common Hardy Chicago",Hardy Chicago,Ficus,carica,,4/13/2015
a1iG00000040BxYIAU,Fothergilla major,Witch Alder,,Fothergilla,major,,4/13/2015
a1iG00000040BxZIAU,Franklinia alatamaha,Franklin Tree,,Franklinia,alatamaha,,4/13/2015
a1iG00000040BxcIAE,Gaylussacia baccata,"Huckleberry, Black",,Gaylussacia,baccata,,4/13/2015
a1iG00000040BxeIAE,Ginkgo biloba - Autumn Gold,"Maidenhair Tree, Autumn Gold",Autumn Gold,Ginkgo,biloba,Large Tree,4/13/2015
a1iG00000040BxfIAE,Ginkgo biloba - Windover Gold,"Maidenhair Tree, Windover Gold",Windover Gold,Ginkgo,biloba,Large Tree,4/13/2015
a1iG00000040BxgIAE,Ginkgo biloba,Maidenhair Tree,,Ginkgo,biloba,Large Tree,4/13/2015
a1iG00000040BxhIAE,Gleditsia triacanthos,"Locust, Honey",,Gleditsia,triacanthos,Large Tree,4/13/2015
a1iG00000040BxiIAE,Gleditsia triacanthos var. inermis - Shademaster,"Locust, Honey Thornless Shademaster",Shademaster,Gleditsia,triacanthos var. inermis,,4/13/2015
a1iG00000040BxjIAE,Gleditsia triacanthos var. inermis - Skyline,"Locust, Honey Thornless Skyline",Skyline,Gleditsia,triacanthos var. inermis,,4/13/2015
a1iG00000040BxkIAE,Gleditsia triacanthos var. inermis - Street Keeper,"Locust, Honey Thornless Street Keeper",Street Keeper,Gleditsia,triacanthos var. inermis,,4/13/2015
a1iG00000040BxlIAE,Gymnocladus dioicus,"Coffeetree, Kentucky",,Gymnocladus,dioicus,Large Tree,4/13/2015
a1iG00000040BxmIAE,Gymnocladus dioicus - Espresso,"Coffeetree, Kentucky Espresso",Espresso,Gymnocladus,dioicus,Large Tree,4/13/2015
a1iG00000040BxnIAE,Halesia carolina (tetraptera),"Silverbell, Carolina",,Halesia,carolina (tetraptera),Small Tree,4/13/2015
a1iG00000040BxoIAE,Halesia carolina (tetraptera) - Arnold Pink,"Silverbell, Carolina Arnold Pink",Arnold Pink,Halesia,carolina (tetraptera),Small Tree,4/13/2015
a1iG00000040BxpIAE,Halesia monticola,"Silverbell, Mountain",,Halesia,monticola,,4/13/2015
a1iG00000040BxqIAE,Halesia monticola var. vestita,"Silverbell, Mountian Snowdrop",,Halesia,monticola var. vestita,,4/13/2015
a1iG00000040BxsIAE,Hamamelis vernalis,"Witch Hazel, Ozark",,Hamamelis,vernalis,,4/13/2015
a1iG00000040BxtIAE,Hamamelis virginiana,"Witch Hazel, Common",,Hamamelis,virginiana,,4/13/2015
a1iG00000040BxuIAE,Heptacodium miconioides,Seven Son Flower,,Heptacodium,miconioides,,4/13/2015
a1iG00000040BxvIAE,Hibiscus syriacus,Rose of Sharon,,Hibiscus,syriacus,,4/13/2015
a1iG00000040BxwIAE,Ilex verticillata,"Holly, Winterberry",,Ilex,verticillata,,4/13/2015
a1iG00000040BxyIAE,Ilex aquifolium x cornuta - Nellie R. Stevens,"Holly, Nellie R. Stevens",Nellie R. Stevens,Ilex,aquifolium x cornuta,Medium Tree,4/13/2015
a1iG00000040BxzIAE,Ilex opaca,"Holly, American",,Ilex,opaca,Medium Tree,4/13/2015
a1iG00000040By0IAE,Ilex vomitoria,"Holly, Yaupon",,Ilex,vomitoria,,4/13/2015
a1iG00000040By2IAE,Juglans nigra,"Walnut, Black",,Juglans,nigra,,4/13/2015
a1iG00000040By3IAE,Juniperus chinensis,"Juniper, Chinese",,Juniperus,chinensis,,4/13/2015
a1iG00000040By4IAE,Juniperus virginiana,"Cedar, Eastern Red",,Juniperus,virginiana,Medium Tree,4/13/2015
a1iG00000040By5IAE,Koelreuteria paniculata,"Raintree, Golden",,Koelreuteria,paniculata,,4/13/2015
a1iG00000040By6IAE,Lagerstroemia indica,Crapemyrtle,,Lagerstroemia,indica,Small Tree,4/13/2015
a1iG00000040By7IAE,Lindera benzoin,Spicebush,,Lindera,benzoin,,4/13/2015
a1iG00000040By8IAE,Liquidambar styraciflua,"Sweetgum, American",,Liquidambar,styraciflua,Large Tree,4/13/2015
a1iG00000040By9IAE,Liquidambar styraciflua - Happidaze,"Sweetgum, American Happidaze",Happidaze,Liquidambar,styraciflua,Large Tree,4/13/2015
a1iG00000040ByAIAU,Liquidambar styraciflua - Moraine,"Sweetgum, American Moraine",Moraine,Liquidambar,styraciflua,Large Tree,4/13/2015
a1iG00000040ByBIAU,Liquidambar styraciflua - Worplesdon,"Sweetgum, American Worplesdon",Worplesdon,Liquidambar,styraciflua,Large Tree,4/13/2015
a1iG00000040ByCIAU,Liquidambar styraciflua - Rotundiloba,"Sweetgum, American Rotundiloba",Rotundiloba,Liquidambar,styraciflua,Large Tree,4/13/2015
a1iG00000040ByDIAU,Liriodendron tulipifera,Tuliptree,,Liriodendron,tulipifera,Large Tree,4/13/2015
a1iG00000040ByFIAU,Maclura pomifera - White Shield,"Osage Orange, Whiteshield",White Shield,Maclura,pomifera,Large Tree,4/13/2015
a1iG00000040ByHIAU,Magnolia acuminata,Cucumber Tree,,Magnolia,acuminata,,4/13/2015
a1iG00000040ByJIAU,Magnolia grandiflora,"Magnolia, Southern",,Magnolia,grandiflora,Large Tree,4/13/2015
a1iG00000040ByKIAU,Magnolia kobus,"Magnolia, Kobus",,Magnolia,kobus,,4/13/2015
a1iG00000040ByLIAU,Magnolia x soulangeana,"Magnolia, Saucer",,Magnolia,x soulangeana,,4/13/2015
a1iG00000040ByMIAU,Magnolia stellata,"Magnolia, Star",,Magnolia,stellata,,4/13/2015
a1iG00000040ByNIAU,Magnolia stellata - Royal Star,"Magnolia, Star Royal Star",Royal Star,Magnolia,stellata,,4/13/2015
a1iG00000040ByOIAU,Magnolia virginiana,"Magnolia, Sweetbay",,Magnolia,virginiana,Small Tree,4/13/2015
a1iG00000040ByPIAU,Magnolia virginiana - Moonglow,"Magnolia, Sweetbay Moonglow",Moonglow,Magnolia,virginiana,Small Tree,4/13/2015
a1iG00000040ByQIAU,Magnolia x loebneri - Merrill,"Magnolia, Loebner Merrill",Merrill,Magnolia,x loebneri,,4/13/2015
a1iG00000040ByRIAU,Malus speciosa,Crabapple,,Malus,speciosa,,4/13/2015
a1iG00000040BySIAU,Malus speciosa - Adirondack,"Crabapple, Flowering Adirondack",Adirondack,Malus,speciosa,,4/13/2015
a1iG00000040ByTIAU,Malus angustifolia,"Crabapple, Southern",,Malus,angustifolia,,4/13/2015
a1iG00000040ByUIAU,Malus domestica,Apple,,Malus,domestica,,4/13/2015
a1iG00000040ByVIAU,Malus hybrida,"Crabapple, Profusion Flowering",,Malus,hybrida,,4/13/2015
a1iG00000040ByWIAU,Malus speciosa - Robinson,"Crabapple, Flowering Robinson",Robinson,Malus,speciosa,,4/13/2015
a1iG00000040ByXIAU,Malus sargentii,"Crabapple, Sargent",,Malus,Sargentii,,4/13/2015
a1iG00000040ByYIAU,Malus speciosa - Sutyzam,"Crabapple, Flowering Sugar Tyme",Sutyzam,Malus,speciosa,,4/13/2015
a1iG00000040ByaIAE,Acer buergerianum,"Maple, Trident",,Acer,buergerianum,,4/13/2015
a1iG00000040BycIAE,Acer campestre - Queen Elizabeth,"Maple, Hedge Queen Elizabeth",Queen Elizabeth,Acer,campestre,,4/13/2015
a1iG00000040BydIAE,Acer ginnala,"Maple, Amur",,Acer,ginnala,,4/13/2015
a1iG00000040ByeIAE,Acer griseum,"Maple, Paperbark",,Acer,griseum,,4/13/2015
a1iG00000040BygIAE,Acer miyabei - State Street,"Maple, Miyabe State Street",State Street,Acer,miyabei,,4/13/2015
a1iG00000040ByhIAE,Acer palmatum,"Maple, Japanese",,Acer,palmatum,,4/13/2015
a1iG00000040ByiIAE,Acer platanoides,"Maple, Norway",,Acer,platanoides,,4/13/2015
a1iG00000040BykIAE,Acer rubrum,"Maple, Red",,Acer,rubrum,Medium Tree,4/13/2015
a1iG00000040BylIAE,Acer rubrum - Armstrong,"Maple, Red Armstrong",Armstrong,Acer,rubrum,Medium Tree,4/13/2015
a1iG00000040BymIAE,Acer rubrum - Autumn Radiance,"Maple, Red Autumn Radiance",Autumn Radiance,Acer,rubrum,Medium Tree,4/13/2015
a1iG00000040BynIAE,Acer saccharum - Flashfire,"Maple, Sugar Flashfire",Flashfire,Acer,saccharum,,4/13/2015
a1iG00000040ByoIAE,Acer rubrum - Karpick,"Maple, Red Karpick",Karpick,Acer,rubrum,Medium Tree,4/13/2015
a1iG00000040BypIAE,Acer rubrum - Northwood,"Maple, Red Northwood",Northwood,Acer,rubrum,Medium Tree,4/13/2015
a1iG00000040ByqIAE,Acer rubrum - October Glory,"Maple, Red October Glory",October Glory,Acer,rubrum,Medium Tree,4/13/2015
a1iG00000040ByrIAE,Acer rubrum - Redpointe,"Maple, Red Redpointe",Redpointe,Acer,rubrum,Medium Tree,4/13/2015
a1iG00000040BysIAE,Acer rubrum - Sun Valley,"Maple, Red Sun Valley",Sun Valley,Acer,rubrum,Medium Tree,4/13/2015
a1iG00000040BytIAE,Acer saccharinum,"Maple, Silver",,Acer,saccharinum,,4/13/2015
a1iG00000040ByuIAE,Acer saccharum,"Maple, Sugar",,Acer,saccharum,,4/13/2015
a1iG00000040ByvIAE,Acer saccharum - Autumn Splendor,"Maple, Sugar Autumn Splendor",Autumn Splendor,Acer,saccharum,,4/13/2015
a1iG00000040BywIAE,Acer saccharum - John Pair,"Maple, Sugar John Pair",John Pair,Acer,saccharum,,4/13/2015
a1iG00000040ByzIAE,Acer truncatum - Main Street,"Maple, Shantung Main Street",Main Street,Acer,truncatum,,4/13/2015
a1iG00000040Bz0IAE,Acer x freemanii,"Maple, Freeman",,Acer,x freemanii,,4/13/2015
a1iG00000040Bz1IAE,Acer x freemanii - Celebration,"Maple, Freeman Celebration",Celebration,Acer,x freemanii,,4/13/2015
a1iG00000040Bz2IAE,Acer x freemanii - Sienna Glen,"Maple, Freeman Sienna Glen",Sienna Glen,Acer,x freemanii,,4/13/2015
a1iG00000040Bz3IAE,Aesculus glabra,"Buckeye, Ohio",,Aesculus,glabra,,4/13/2015
a1iG00000040Bz5IAE,Aesculus octandra,"Buckeye, Yellow",,Aesculus,octandra,,4/13/2015
a1iG00000040Bz6IAE,Aesculus pavia,"Buckeye, Red",,Aesculus,pavia,,4/13/2015
a1iG00000040Bz7IAE,Aesculus x carnea - Fort McNair,"Horsechestnut, Red Fort McNair",Fort McNair,Aesculus,x carnea,,4/13/2015
a1iG00000040Bz8IAE,Aesculus x carnea,"Horsechestnut, Red",,Aesculus,x carnea,,4/13/2015
a1iG00000040Bz9IAE,Alnus glutinosa,"Alder, Black",,Alnus,glutinosa,,4/13/2015
a1iG00000040BzAIAU,Alnus serrulata,"Alder, Hazel",,Alnus,serrulata,,4/13/2015
a1iG00000040BzBIAU,Amelanchier canadensis,"Serviceberry, Shadblow",,Amelanchier,canadensis,Small Tree,4/13/2015
a1iG00000040BzCIAU,Amelanchier canadensis - Rainbow Pillar,"Serviceberry, Shadblow Rainbow Pillar",Rainbow Pillar,Amelanchier,canadensis,Small Tree,4/13/2015
a1iG00000040BzDIAU,Amelanchier arborea,"Serviceberry, Downy",,Amelanchier,arborea,Small Tree,4/13/2015
a1iG00000040BzEIAU,Amelanchier x grandiflora - Autumn Brilliance,"Serviceberry, Apple Autumn Brilliance",Autumn Brilliance,Amelanchier,x grandiflora,Small Tree,4/13/2015
a1iG00000040BzGIAU,Amelanchier laevis,"Serviceberry, Allegheny",,Amelanchier,laevis,Small Tree,4/13/2015
a1iG00000040BzHIAU,Amelanchier laevis - Cumulus,"Serviceberry, Allegheny Cumulus",Cumulus,Amelanchier,laevis,Small Tree,4/13/2015
a1iG00000040BzIIAU,Amelanchier laevis - Lustre,"Serviceberry, Allegheny Lustre",Lustre,Amelanchier,laevis,Small Tree,4/13/2015
a1iG00000040BzJIAU,Amelanchier laevis - Spring Flurry,"Serviceberry, Allegheny Spring Flurry",Spring Flurry,Amelanchier,laevis,Small Tree,4/13/2015
a1iG00000040BzKIAU,Amelanchier lamarckii,Juneberry,,Amelanchier,lamarckii,Small Tree,4/13/2015
a1iG00000040BzMIAU,Amorpha fruticosa,False Indigo,,Amorpha,fruticosa,,4/13/2015
a1iG00000040BzNIAU,Aronia arbutifolia,"Chokeberry, Red",,Aronia,arbutifolia,,4/13/2015
a1iG00000040BzOIAU,Aronia (Photinia) melanocarpa,"Chokeberry, Black",,Aronia,melanocarpa,,4/13/2015
a1iG00000040BzPIAU,Asimina triloba,Pawpaw,,Asimina,triloba,Small Tree,4/13/2015
a1iG00000040BzQIAU,Asimina triloba - Potomac,"Pawpaw, Potomac",Potomac,Asimina,triloba,Small Tree,4/13/2015
a1iG00000040BzRIAU,Asimina triloba - Shenandoah,"Pawpaw, Shenandoah",Shenandoah,Asimina,triloba,Small Tree,4/13/2015
a1iG00000040BzSIAU,Asimina triloba - Susquehanna,"Pawpaw, Susquehanna",Susquehanna,Asimina,triloba,Small Tree,4/13/2015
a1iG00000040BzTIAU,Betula lenta,"Birch, Sweet",,Betula,lenta,,4/13/2015
a1iG00000040BzUIAU,Betula nigra,"Birch, River",,Betula,nigra,Medium Tree,4/13/2015
a1iG00000040BzVIAU,Betula nigra - Dura-Heat,"Birch, River Dura-Heat",Dura-Heat,Betula,nigra,Medium Tree,4/13/2015
a1iG00000040BzWIAU,Betula papyrifera - Renaissance Reflection,"Birch, Paper Renaissance Reflection",Renaissance Reflection,Betula,papyrifera,,4/13/2015
a1iG00000040BzXIAU,Calycanthus floridus,"Allspice, Carolina",,Calycanthus,floridus,,4/13/2015
a1iG00000040BzYIAU,Carpinus speciosa,Hornbeam,,Carpinus,speciosa,,4/13/2015
a1iG00000040BzZIAU,Carpinus betulus,"Hornbeam, European",,Carpinus,betulus,,4/13/2015
a1iG00000040BzaIAE,Carpinus betulus - Fastigiata,"Hornbeam, European Fastigiata",Fastigiata,Carpinus,betulus,,4/13/2015
a1iG00000040BzbIAE,Carpinus caroliniana,"Hornbeam, American",,Carpinus,caroliniana,Small Tree,4/13/2015
a1iG00000040BzcIAE,Carpinus caroliniana - Firespire,"Hornbeam, American Firespire",Firespire,Carpinus,caroliniana,Small Tree,4/13/2015
a1iG00000040BzdIAE,Carya cordiformis,"Hickory, Bitternut",,Carya,cordiformis,,4/13/2015
a1iG00000040BzeIAE,Carya glabra,"Hickory, Pignut",,Carya,illinoinensis,,4/13/2015
a1iG00000040BzfIAE,Carya illinoinensis,"Pecan, Hardy",,Carya,illinoinensis,Large Tree,4/13/2015
a1iG00000040BzgIAE,Carya illinoinensis - Peruque,"Pecan, Hardy Peruque",Peruque,Carya,illinoinensis,,4/13/2015
a1iG00000040BzhIAE,Carya ovata,"Hickory, Shagbark",,Carya,ovata,,4/13/2015
a1iG00000040BziIAE,Carya tomentosa,"Hickory, Mockernut",,Carya,tomentosa,,4/13/2015
a1iG00000040BzjIAE,Castanea pumila,"Chinquapin, Allegheny",,Castanea,pumila,,4/13/2015
a1iG00000040BzkIAE,Catalpa bignonioides,"Catalpa, Southern",,Catalpa,bignonioides,,4/13/2015
a1iG00000040BzlIAE,Catalpa speciosa,"Catalpa, Northern",,Catalpa,speciosa,Large Tree,4/13/2015
a1iG00000040BzmIAE,Cedrus atlantica,"Cedar, Atlas",,Cedrus,atlantica,,4/13/2015
a1iG00000040BznIAE,Cedrus deodara,"Cedar, Himalayan",,Cedrus,deodara,Medium Tree,4/13/2015
a1iG00000040BzoIAE,Celtis laevigata,"Hackberry, Sugar",,Celtis,laevigata,,4/13/2015
a1iG00000040BzpIAE,Celtis occidentalis,"Hackberry, Common",,Celtis,occidentalis,Medium Tree,4/13/2015
a1iG00000040BzqIAE,Celtis occidentalis - Chicagoland,"Hackberry, Common Chicagoland",Chicagoland,Celtis,occidentalis,Medium Tree,4/13/2015
a1iG00000040BzrIAE,Cephalanthus occidentalis,Buttonbush,,Cephalanthus,occidentalis,,4/13/2015
a1iG00000040BzsIAE,Cercidiphyllum japonicum,Katsura Tree,,Cercidiphyllum,japonicum,,4/13/2015
a1iG00000040BztIAE,Cercis canadensis,"Redbud, Eastern",,Cercis,canadensis,Small Tree,4/13/2015
a1iG00000040BzuIAE,Cercis canadensis - Forest Pansy,"Redbud, Eastern Forest Pansy",Forest Pansy,Cercis,canadensis,Small Tree,4/13/2015
a1iG00000040BzvIAE,Cercis canadensis var. texensis - Oklahoma,"Redbud, Oklahoma",Oklahoma,Cercis,canadensis var. texensis,,4/13/2015
a1iG00000040BzwIAE,Chamaecyparis thyoides,"Cypress, White",,Chamaecyparis,thyoides,,4/13/2015
a1iG00000040BzxIAE,Chionanthus retusus,"Fringetree, Chinese",,Chionanthus,retusus,,4/13/2015
a1iG00000040BzyIAE,Chionanthus virginicus,Fringetree,,Chionanthus,virginicus,,4/13/2015
a1iG00000040BzzIAE,Cladrastis lutea (kentukea),"Yellowwood, American",,Cladrastis,lutea (kentukea),Medium Tree,4/13/2015
a1iG00000040C01IAE,Cladrastis lutea (kentukea) - Perkins Pink,"Yellowwood, American Perkins Pink",Perkins Pink,Cladrastis,lutea (kentukea),Medium Tree,4/13/2015
a1iG00000040C03IAE,Cornus alternifolia,"Dogwood, Pagoda",,Cornus,alternifolia,,4/13/2015
a1iG00000040C04IAE,Cornus amomum,"Dogwood, Silky",,Cornus,amomum,,4/13/2015
a1iG00000040C05IAE,Cornus florida,"Dogwood, Flowering",,Cornus,florida,Small Tree,4/13/2015
a1iG00000040C06IAE,Cornus florida - Appalachian Mist,"Dogwood, Flowering Appalachian Mist",Appalachian Mist,Cornus,florida,Small Tree,4/13/2015
a1iG00000040C07IAE,Cornus florida - Appalachian Spring,"Dogwood, Flowering Appalachian Spring",Appalachian Spring,Cornus,florida,Small Tree,4/13/2015
a1iG00000040C08IAE,Cornus florida - Cherokee Princess,"Dogwood, Flowering Cherokee Princess",Cherokee Princess,Cornus,florida,Small Tree,4/13/2015
a1iG00000040C09IAE,Cornus florida var. rubra,"Dogwood, Flowering Pink",,Cornus,florida var. rubra,,4/13/2015
a1iG00000040C0BIAU,Cornus kousa,"Dogwood, Kousa",,Cornus,kousa,,4/13/2015
a1iG00000040C0DIAU,Cornus racemosa,"Dogwood, Gray",,Cornus,racemosa,,4/13/2015
a1iG00000040BuDIAU,Malus domestica - Enterprise,"Apple, Enterprise",Enterprise,Malus,domestica,,4/13/2015
a1iG00000040BuEIAU,Malus domestica - Gold Rush,"Apple, Gold Rush",Gold Rush,Malus,domestica,,4/13/2015
a1iG00000040BuFIAU,Malus domestica - Liberty,"Apple, Liberty",Liberty,Malus,domestica,,4/13/2015
a1iG00000040BuHIAU,Metasequoia glyptostroboides,"Redwood, Dawn",,Metasequoia,glyptostroboides,Large Tree,4/13/2015
a1iG00000040BuIIAU,Morus speciosa,Mulberry,,Morus,speciosa,,4/13/2015
a1iG00000040BuJIAU,Morus alba,"Mulberry, White",,Morus,alba,,4/13/2015
a1iG00000040BuKIAU,Morus rubra - Illinois Everbearing,"Mulberry, Red Illinois Everbearing",Illinois Everbearing,Morus,rubra,,4/13/2015
a1iG00000040BuLIAU,Morus rubra - Pakistan,"Mulberry, Red Pakistan",Pakistan,Morus,rubra,,4/13/2015
a1iG00000040BuMIAU,Myrica cerifera,"Myrtle, Wax Southern",,Myrica,cerifera,,4/13/2015
a1iG00000040BuOIAU,Nyssa sylvatica - Wildfire,"Blackgum, Wildfire",Wildfire,Nyssa,sylvatica,Medium Tree,4/13/2015
a1iG00000040BuPIAU,Nyssa sylvatica,Blackgum,,Nyssa,sylvatica,Medium Tree,4/13/2015
a1iG00000040BuRIAU,Ostrya virginiana,"Hop Hornbeam, American",,Ostrya,virginiana,Small Tree,4/13/2015
a1iG00000040BuSIAU,Oxydendrum arboreum,Sourwood,,Oxydendrum,arboreum,,4/13/2015
a1iG00000040BuTIAU,Parrotia persica,"Ironwood, Persian",,Parrotia,persica,,4/13/2015
a1iG00000040BuVIAU,Physocarpus opulifolius,Ninebark,,Physocarpus,opulifolius,,4/13/2015
a1iG00000040BuWIAU,Picea abies,"Spruce, Norway",,Picea,abies,,4/13/2015
a1iG00000040BuXIAU,Picea glauca,"Spruce, White",,Picea,glauca,,4/13/2015
a1iG00000040BuYIAU,Picea omorika,"Spruce, Serbian",,Picea,omorika,,4/13/2015
a1iG00000040BuZIAU,Picea pungens,"Spruce, Colorado",,Picea,pungens,,4/13/2015
a1iG00000040BuaIAE,Pinus rigida,"Pine, Pitch",,Pinus,rigida,Large Tree,4/13/2015
a1iG00000040BudIAE,Pinus nigra,"Pine, Austrian",,Pinus,nigra,,4/13/2015
a1iG00000040BueIAE,Pinus palustris,"Pine, Longleaf",,Pinus,palustris,,4/13/2015
a1iG00000040BufIAE,Pinus strobus,"Pine, Eastern White",,Pinus,strobus,,4/13/2015
a1iG00000040BugIAE,Pinus taeda,"Pine, Loblolly",,Pinus,taeda,Large Tree,4/13/2015
a1iG00000040BuiIAE,Pistacia chinensis,"Pistache, Chinese",,Pistacia,chinensis,Medium Tree,4/13/2015
a1iG00000040BujIAE,Platanus occidentalis,"Sycamore, American",,Platanus,occidentalis,,4/13/2015
a1iG00000040BukIAE,Platanus x acerifolia,"Planetree, London",,Platanus,x acerifolia,Large Tree,4/13/2015
a1iG00000040BulIAE,Platanus x acerifolia - Bloodgood,"Planetree, London Bloodgood",Bloodgood,Platanus,x acerifolia,Large Tree,4/13/2015
a1iG00000040BumIAE,Platanus x acerifolia - Exclamation,"Planetree, London Exclamation",Exclamation,Platanus,x acerifolia,Large Tree,4/13/2015
a1iG00000040BunIAE,Populus deltoides,"Cottonwood, Eastern",,Populus,deltoides,,4/13/2015
a1iG00000040BupIAE,Populus tremuloides,"Aspen, Quaking",,Populus,tremuloides,,4/13/2015
a1iG00000040BurIAE,Prunus americana,"Plum, American",,Prunus,americana,,4/13/2015
a1iG00000040BusIAE,Prunus armeniaca,"Apricot, Winter Double Pink",,Prunus,armeniaca,,4/13/2015
a1iG00000040BuuIAE,Prunus avium,"Cherry, Sweet",,Prunus,avium,,4/13/2015
a1iG00000040BuvIAE,Prunus avium - Ulster,"Cherry, Sweet Ulster",Ulster,Prunus,avium,,4/13/2015
a1iG00000040BuwIAE,Prunus cerasifera,"Plum, Cherry",,Prunus,cerasifera,,4/13/2015
a1iG00000040BuxIAE,Prunus cerasifera - Newport,"Plum, Cherry Newport",Newport,Prunus,cerasifera,,4/13/2015
a1iG00000040BuyIAE,Prunus cerasifera - Thundercloud,"Plum, Cherry Thundercloud",Thundercloud,Prunus,cerasifera,,4/13/2015
a1iG00000040BuzIAE,Prunus cerasus,"Cherry, Sour",,Prunus,cerasus,,4/13/2015
a1iG00000040Bv0IAE,Prunus cerasus - North Star,"Cherry, Sour North Star",North Star,Prunus,cerasus,,4/13/2015
a1iG00000040Bv1IAE,Prunus domestica,"Plum, European",,Prunus,domestica,,4/13/2015
a1iG00000040Bv2IAE,Prunus dulcis,Almond,,Prunus,dulcis,,4/13/2015
a1iG00000040Bv3IAE,Prunus maritima,"Plum, Beach",,Prunus,maritima,,4/13/2015
a1iG00000040Bv4IAE,Prunus x incamp - Okame,"Cherry, Flowering Okame",Okame,Prunus,x incamp,,4/13/2015
a1iG00000040Bv5IAE,Prunus persica,Peach,,Prunus,persica,,4/13/2015
a1iG00000040Bv6IAE,Prunus persica - Belle of Georgia,"Peach, Belle of Georgia",Belle of Georgia,Prunus,persica,,4/13/2015
a1iG00000040Bv8IAE,Prunus salicina - Aycock,"Plum, Japanese Aycock",Aycock,Prunus,salicina,,4/13/2015
a1iG00000040Bv9IAE,Prunus serotina,"Cherry, Black",,Prunus,serotina,,4/13/2015
a1iG00000040BvAIAU,Prunus serrulata - Kwanzan,"Cherry, Japanese Flowering Kwanzan",Kwanzan,Prunus,serrulata,Medium Tree,4/13/2015
a1iG00000040BvCIAU,Prunus subhirtella,"Cherry, Higan",,Prunus,subhirtella,,4/13/2015
a1iG00000040BvDIAU,Prunus subhirtella - Autumnalis,"Cherry, Higan Autumnalis",Autumnalis,Prunus,subhirtella,,4/13/2015
a1iG00000040BvEIAU,Prunus virginiana,Chokecherry,,Prunus,virginiana,,4/13/2015
a1iG00000040BvFIAU,Prunus x yedoensis,"Cherry, Japanese Flowering Yoshino",,Prunus,x yedoensis,,4/13/2015
a1iG00000040BvHIAU,Prunus x yedoensis - Akebono,"Cherry, Japanese Flowering Yoshino Akebono",Akebono,Prunus,x yedoensis,,4/13/2015
a1iG00000040BvIIAU,Pseudotsuga menziesii,Douglas Fir,,Pseudotsuga,menziesii,,4/13/2015
a1iG00000040BvJIAU,Pyrus calleryana,"Pear, Callery",,Pyrus,calleryana,,4/13/2015
a1iG00000040BvKIAU,Pyrus communis,"Pear, European",,Pyrus,communis,,4/13/2015
a1iG00000040BvLIAU,Pyrus communis - Moonglow,"Pear, European Moonglow",Moonglow,Pyrus,communis,,4/13/2015
a1iG00000040BvMIAU,Pinus virginiana,"Pine, Virginia",,Pinus,virginiana,Medium Tree,4/13/2015
a1iG00000040BvOIAU,Pyrus pyrifolia,"Pear, Asian",,Pyrus,pyrifolia,,4/13/2015
a1iG00000040BvPIAU,Pyrus pyrifolia - 20th Century,"Pear, Asian 20th Century",20th Century,Pyrus,pyrifolia,,4/13/2015
a1iG00000040BvQIAU,Pyrus pyrifolia - Hosui,"Pear, Asian Hosui",Hosui,Pyrus,pyrifolia,,4/13/2015
a1iG00000040BvUIAU,Quercus alba,"Oak, White",,Quercus,alba,Large Tree,4/13/2015
a1iG00000040BvVIAU,Quercus bicolor,"Oak, Swamp White",,Quercus,bicolor,Large Tree,4/13/2015
a1iG00000040BvWIAU,Quercus borealis,"Oak, Northern Red",,Quercus,borealis,,4/13/2015
a1iG00000040BvXIAU,Quercus coccinea,"Oak, Scarlet",,Quercus,coccinea,Large Tree,4/13/2015
a1iG00000040BvYIAU,Quercus ellipsoidalis,"Oak, Northern Pin",,Quercus,ellipsoidalis,,4/13/2015
a1iG00000040BvZIAU,Quercus falcata,"Oak, Southern Red",,Quercus,falcata,,4/13/2015
a1iG00000040BvaIAE,Quercus ilicifolia,"Oak, Scrub",,Quercus,ilicifolia,,4/13/2015
a1iG00000040BvbIAE,Quercus imbricaria,"Oak, Shingle",,Quercus,imbricaria,Large Tree,4/13/2015
a1iG00000040BvdIAE,Quercus lyrata,"Oak, Overcup",,Quercus,lyrata,Large Tree,4/13/2015
a1iG00000040BveIAE,Quercus macrocarpa,"Oak, Bur",,Quercus,macrocarpa,Large Tree,4/13/2015
a1iG00000040BvfIAE,Quercus marilandica,"Oak, Blackjack",,Quercus,marilandica,,4/13/2015
a1iG00000040BvgIAE,Quercus michauxii,"Oak, Swamp Chestnut",,Quercus,michauxii,,4/13/2015
a1iG00000040BvhIAE,Quercus muehlenbergii,"Oak, Chinkapin",,Quercus,muehlenbergii,Medium Tree,4/13/2015
a1iG00000040BviIAE,Quercus nigra,"Oak, Water",,Quercus,nigra,,4/13/2015
a1iG00000040BvjIAE,Quercus nuttallii,"Oak, Nuttall",,Quercus,nuttallii,Medium Tree,4/13/2015
a1iG00000040BvkIAE,Quercus palustris,"Oak, Pin",,Quercus,palustris,Large Tree,4/13/2015
a1iG00000040BvlIAE,Quercus phellos,"Oak, Willow",,Quercus,phellos,Large Tree,4/13/2015
a1iG00000040BvmIAE,Quercus prinus,"Oak, Chestnut",,Quercus,prinus,Large Tree,4/13/2015
a1iG00000040BvnIAE,Quercus robor x bicolor - Regal Prince,"Oak, Long Regal Prince",Regal Prince,Quercus,robor x bicolor,,4/13/2015
a1iG00000040BvpIAE,Quercus rubra,"Oak, Red",,Quercus,rubra,Large Tree,4/13/2015
a1iG00000040BvqIAE,Quercus velutina,"Oak, Black",,Quercus,velutina,,4/13/2015
a1iG00000040BvsIAE,Quercus shumardii,"Oak, Shumard",,Quercus,shumardii,Large Tree,4/13/2015
a1iG00000040BvtIAE,Rhus glabra,"Sumac, Smooth",,Rhus,glabra,,4/13/2015
a1iG00000040BvuIAE,Rhus aromatica - Gro-Low,"Sumac, Fragrant Gro-Low",Gro-Low,Rhus,aromatica,,4/13/2015
a1iG00000040BvvIAE,Robinia pseudoacacia,"Locust, Black",,Robinia,pseudoacacia,,4/13/2015
a1iG00000040BvwIAE,Robinia pseudoacacia - Purple Robe,"Locust, Black Purple Robe",Purple Robe,Robinia,pseudoacacia,,4/13/2015
a1iG00000040BvxIAE,Rosa virginiana,"Rose, Virginia",,Rosa,virginiana,,4/13/2015
a1iG00000040BvyIAE,Salix babylonica,"Willow, Weeping",,Salix,babylonica,,4/13/2015
a1iG00000040BvzIAE,Salix nigra,"Willow, Black",,Salix,nigra,,4/13/2015
a1iG00000040Bw0IAE,Sambucus canadensis,"Elderberry, American",,Sambucus,canadensis,,4/13/2015
a1iG00000040Bw1IAE,Sassafras albidum,Sassafras,,Sassafras,albidum,Medium Tree,4/13/2015
a1iG00000040Bw3IAE,Sophora japonica,"Pagoda Tree, Japanese",,Sophora,japonica,Large Tree,4/13/2015
a1iG00000040Bw4IAE,Sophora japonica - Millstone,"Pagoda Tree, Japanese Millstone",Millstone,Sophora,japonica,Large Tree,4/13/2015
a1iG00000040Bw5IAE,Spiraea tomentosa,Steeplebush,,Spiraea,tomentosa,,4/13/2015
a1iG00000040Bw6IAE,Stewartia ovata,"Camellia, Mountain",,Stewartia,ovata,,4/13/2015
a1iG00000040Bw7IAE,Stewartia pseudocamellia,"Stewartia, Japanese",,Stewartia,pseudocamellia,,4/13/2015
a1iG00000040Bw9IAE,Styrax japonicus,"Snowbell, Japanese",,Styrax,japonicus,,4/13/2015
a1iG00000040BwAIAU,Syringa reticulata,"Lilac, Japanese Tree",,Syringa,reticulata,,4/13/2015
a1iG00000040BwBIAU,Syringa reticulata - Ivory Silk,"Lilac, Japanese Tree Ivory Silk",Ivory Silk,Syringa,reticulata,,4/13/2015
a1iG00000040BwCIAU,Syringa vulgaris,"Lilac, Common",,Syringa,vulgaris,,4/13/2015
a1iG00000040BwDIAU,Taxodium ascendens - Debonair,"Cypress, Pond Debonair",Debonair,Taxodium,ascendens,Large Tree,4/13/2015
a1iG00000040BwEIAU,Taxodium distichum,"Cypress, Bald",,Taxodium,distichum,Large Tree,4/13/2015
a1iG00000040BwFIAU,Taxodium distichum - Shawnee Brave,"Cypress, Bald Shawnee Brave",Shawnee Brave,Taxodium,distichum,Large Tree,4/13/2015
a1iG00000040BwIIAU,Thuja occidentalis,"Arborvitae, American",,Thuja,occidentalis,,4/13/2015
a1iG00000040BwJIAU,Tilia americana,"Linden, American",,Tilia,americana,Large Tree,4/13/2015
a1iG00000040BwKIAU,Tilia americana - Boulevard,"Linden, American Boulevard",Boulevard,Tilia,americana,Large Tree,4/13/2015
a1iG00000040BwLIAU,Tilia americana - Legend,"Linden, American Legend",Legend,Tilia,americana,Large Tree,4/13/2015
a1iG00000040BwNIAU,Tilia americana - American Sentry,"Linden, American American Sentry",American Sentry,Tilia,americana,Large Tree,4/13/2015
a1iG00000040BwOIAU,Tilia americana x euchlora - Redmond,"Linden, American Redmond",Redmond,Tilia,americana x euchlora,,4/13/2015
a1iG00000040BwPIAU,Tilia cordata,"Linden, Littleleaf",,Tilia,cordata,,4/13/2015
a1iG00000040BwQIAU,Tilia cordata - Greenspire,"Linden, Littleleaf Greenspire",Greenspire,Tilia,cordata,,4/13/2015
a1iG00000040BwRIAU,Tilia cordata - Shamrock,"Linden, Littleleaf Shamrock",Shamrock,Tilia,cordata,,4/13/2015
a1iG00000040BwTIAU,Tilia tomentosa,"Linden, Silver",,Tilia,tomentosa,,4/13/2015
a1iG00000040BwUIAU,Tilia tomentosa - Sterling,"Linden, Silver Sterling",Sterling,Tilia,tomentosa,,4/13/2015
a1iG00000040BwVIAU,Tsuga canadensis,"Hemlock, Canadian",,Tsuga,canadensis,,4/13/2015
a1iG00000040BwYIAU,Ulmus americana,"Elm, American",,Ulmus,americana,Large Tree,4/13/2015
a1iG00000040BwZIAU,Ulmus americana - New Harmony,"Elm, American New Harmony",New Harmony,Ulmus,americana,Large Tree,4/13/2015
a1iG00000040BwaIAE,Ulmus americana - Princeton,"Elm, American Princeton",Princeton,Ulmus,americana,Large Tree,4/13/2015
a1iG00000040BwbIAE,Ulmus americana - Valley Forge,"Elm, American Valley Forge",Valley Forge,Ulmus,americana,Large Tree,4/13/2015
a1iG00000040BwcIAE,Ulmus carpinifolia x parvifolia - Frontier,"Elm, Frontier",Frontier,Ulmus,carpinifolia x parvifolia,Large Tree,4/13/2015
a1iG00000040BwfIAE,Ulmus japonica x wilsoniana - Accolade,"Elm, Accolade",Accolade,Ulmus,japonica x wilsoniana,Large Tree,4/13/2015
a1iG00000040BwgIAE,Ulmus japonica x wilsoniana - Triumph,"Elm, Triumph",Triumph,Ulmus,japonica x wilsoniana,Large Tree,4/13/2015
a1iG00000040BwjIAE,Ulmus parvifolia,"Elm, Chinese",,Ulmus,parvifolia,Large Tree,4/13/2015
a1iG00000040BwlIAE,Ulmus propinquia - Emerald Sunshine,"Elm, Japanese Emerald Sunshine",Emerald Sunshine,Ulmus,propinquia,Large Tree,4/13/2015
a1iG00000040BwnIAE,Ulmus wilsoniana - Prospector,"Elm, Prospector",Prospector,Ulmus,wilsoniana,Large Tree,4/13/2015
a1iG00000040BwoIAE,Ulmus japonica x pumila - New Horizon,"Elm, New Horizon",New Horizon,Ulmus,japonica x pumila,Large Tree,4/13/2015
a1iG00000040BwpIAE,Ulmus x sp. - Patriot,"Elm, Patriot",Patriot,Ulmus,x sp.,Large Tree,4/13/2015
a1iG00000040BwsIAE,Vaccinium angustifolium,"Blueberry, Lowbush",,Vaccinium,angustifolium,,4/13/2015
a1iG00000040BwtIAE,Viburnum dentatum,"Viburnum, Arrowwood",,Viburnum,dentatum,,4/13/2015
a1iG00000040BwuIAE,Viburnum lentago,"Viburnum, Nannyberry",,Viburnum,lentago,,4/13/2015
a1iG00000040BwvIAE,Viburnum nudum,"Viburnum, Possumhaw",,Viburnum,nudum,,4/13/2015
a1iG00000040BwwIAE,Viburnum opulus,"Cranberrybush, European",,Viburnum,opulus,,4/13/2015
a1iG00000040BwxIAE,Viburnum prunifolium,"Viburnum, Blackhaw",,Viburnum,prunifolium,Small Tree,4/13/2015
a1iG00000040BwyIAE,Zelkova serrata,"Zelkova, Japanese",,Zelkova,serrata,Large Tree,4/13/2015
a1iG00000040Bx1IAE,Corylus americana,"Hazelnut, American",,Corylus,americana,,4/13/2015
a1iG00000040Bx2IAE,Corylus avellana,"Hazelnut, Common",,Corylus,avellana,,4/13/2015
a1iG00000040Bx3IAE,Corylus avellana - Jefferson,"Hazelnut, Common Jefferson",Jefferson,Corylus,avellana,,4/13/2015
a1iG00000040Bx4IAE,Corylus avellana - Theta,"Hazelnut, Common Theta",Theta,Corylus,avellana,,4/13/2015
a1iG00000040Bx5IAE,Corylus colurna,"Hazelnut, Turkish",,Corylus,colurna,,4/13/2015
a1iG00000040Bx6IAE,Cotinus coggygria,"Smoketree, Eurasian",,Cotinus,coggygria,,4/13/2015
a1iG00000040Bx7IAE,Crataegus crus-galli - Inermis,"Hawthorn, Cockspur Inermis",Inermis,Crataegus,crus-galli,,4/13/2015
a1iG00000040Bx8IAE,Crataegus opaca - Heavy,"Mayhaw, Heavy",Heavy,Crataegus,opaca,,4/13/2015
a1iG00000040Bx9IAE,Crataegus opaca - Superspur,"Mayhaw, Superspur",Superspur,Crataegus,opaca,,4/13/2015
a1iG00000040BxAIAU,Crataegus phaenopyrum,"Hawthorn, Washington",,Crataegus,phaenopyrum,,4/13/2015
a1iG00000040BxBIAU,Crataegus phaenopyrum - Lustre,"Hawthorn, Washington Lustre",Lustre,Crataegus,phaenopyrum,,4/13/2015
a1iG00000040BxDIAU,Crataegus viridis,"Hawthorn, Green",,Crataegus,viridis,,4/13/2015
a1iG00000040BxEIAU,Crataegus viridis - Winter King,"Hawthorn, Green Winter King",Winter King,Crataegus,viridis,,4/13/2015
a1iG00000040BxFIAU,Cornus sericea,"Dogwood, Red Osier",,Cornus,sericea,,4/13/2015
a1iG00000040BxGIAU,Cryptomeria japonica,"Cedar, Japanese",,Cryptomeria,japonica,,4/13/2015
a1iG00000040BxHIAU,Cudrania tricuspidata,"Mulberry, Chinese",,Cudrania,tricuspidata,,4/13/2015
a1iG00000040BxKIAU,Cydonia oblonga,"Quince, Common",,Cydonia,oblonga,,4/13/2015
a1iG00000040BxNIAU,Diospyros kaki - Jiro,"Persimmon, Japanese Jiro",Jiro,Diospyros,kaki,,4/13/2015
a1iG00000040BxOIAU,Diospyros virginiana,"Persimmon, American",,Diospyros,virginiana,Medium Tree,4/13/2015
a1iG00000040BxPIAU,Diospyros virginiana - Meader,"Persimmon, American Meader",Meader,Diospyros,virginiana,Medium Tree,4/13/2015
a1iG0000004XN1DIAW,Pyrus speciosa - Perdue,"Pear, Perdue",Perdue,Pyrus,speciosa,,11/14/2016
a1iG0000004XN1IIAW,Prunus cerasifera - Atropurpurea x P. salicina,"Plum, Hollywood Purple-Leaf",Hollywood Purple Leaf,Prunus,cerasifera - Atropurpurea x P. salicina,,11/14/2016
a1iG0000004XN1NIAW,Prunus persica var. nectarina - Mericrest,"Nectarine, Mericrest Dwarf",Mericrest,Prunus,persica var. nectarina,,11/14/2016
a1iG0000000KcxIIAS,Prunus cerasus - North Star Dwarf,"Cherry, Sour North Star Dwarf",North Star Dwarf,Prunus,cerasus,,4/20/2016
a1i0f000004GqbBAAS,Comptonia peregrina,Sweetfern,,Comptonia,peregrina,,5/30/2017
a1i0f000004GqbLAAS,Rosa palustris,"Rose, Swamp",,Rosa,palustris,,5/30/2017
a1iG0000004L7TrIAK,Magnolia stellata - Waterlily,"Magnolia, Star Waterlily",Waterlily,Magnolia,stellata,,2/16/2016
a1iG0000004X7nWIAS,Rhus aromatica,"Sumac, Fragrant",,Rhus,aromatica,,9/1/2016
a1iG0000000KcxDIAS,Prunus persica - Erli Red Free,"Peach, Erli Red Free",Erli Red Free,Prunus,persica,,4/20/2016
a1iG0000000KybOIAS,Rosa carolina,"Rose, Carolina",,Rosa,carolina,,8/31/2016
a1iG0000000Kyb9IAC,Rhus copallinum,"Sumac, Winged",,Rhus,copallinum,,8/31/2016
a1iG0000000Kyb4IAC,Quercus stellata,"Oak, Post",,Quercus,stellata,,8/31/2016
a1iG0000000KybJIAS,Staphylea trifolia,"Bladdernut, American",,Staphylea,trifolia,,8/31/2016
a1iG0000004GB6iIAG,Acer negundo - Sensation,"Maple, Box Elder Sensation",Sensation,Acer,negundo,,9/11/2015
a1iG0000004GB6jIAG,Acer rubrum - Red Sunset,"Maple, Red Red Sunset",Red Sunset,Acer,rubrum,Medium Tree,9/11/2015
a1iG0000004GB6kIAG,Acer saccharum - Commemoration,"Maple, Sugar Commemoration",Commemoration,Acer,saccharum,,9/11/2015
a1iG0000004GB6lIAG,Acer x freemanii - Autumn Blaze,"Maple, Freeman Autumn Blaze",Autumn Blaze,Acer,x freemanii,,9/11/2015
a1iG0000004GB6mIAG,Aesculus parviflora,"Buckeye, Bottlebrush",,Aesculus,parviflora,,9/11/2015
a1iG0000004GB6oIAG,Asimina triloba - Allegheny,"Pawpaw, Allegheny",Allegheny,Asimina,triloba,Small Tree,9/11/2015
a1iG0000004GB6pIAG,Asimina triloba - Mango,"Pawpaw, Mango",Mango,Asimina,triloba,Small Tree,9/11/2015
a1iG0000004GB6qIAG,Betula nigra - Heritage,"Birch, River Heritage",Heritage,Betula,nigra,Medium Tree,9/11/2015
a1iG0000004GB6sIAG,Carya illinoinensis - Colby,"Pecan, Hardy Colby",Colby,Carya,illinoinensis,,9/11/2015
a1iG0000004GB6tIAG,Carya illinoinensis - Hardy Giant,"Pecan, Hardy Hardy Giant",Hardy Giant,Carya,illinoinensis,,9/11/2015
a1iG0000004GB6vIAG,Catalpa speciosa - Heartland,"Catalpa, Northern Heartland",Heartland,Catalpa,speciosa,Large Tree,9/11/2015
a1iG0000004GB6wIAG,Cedrus deodara - Aurea,"Cedar, Himalayan Aurea",Aurea,Cedrus,deodara,Medium Tree,9/11/2015
a1iG0000004GB6zIAG,Cedrus deodara - Karl Fuchs,"Cedar, Himalayan Karl Fuchs",Karl Fuchs,Cedrus,deodara,Medium Tree,9/11/2015
a1iG0000004GB70IAG,Cedrus deodara - Silver Mist,"Cedar, Himalayan Silver Mist",Silver Mist,Cedrus,deodara,Medium Tree,9/11/2015
a1iG0000004GB71IAG,Cedrus deodara - Sterling Frost,"Cedar, Himalayan Sterling Frost",Sterling Frost,Cedrus,deodara,Medium Tree,9/11/2015
a1iG0000004GB73IAG,Cercis canadensis - Alba,"Redbud, Eastern Alba",Alba,Cercis,canadensis,Small Tree,9/11/2015
a1iG0000004GB74IAG,Cercis chinensis - Bubblegum,"Redbud, Chinese Bubblegum",Bubblegum,Cercis,chinensis,,9/11/2015
a1iG0000004GB75IAG,Chamaecyparis obtusa,"Cypress, Hinoki",,Chamaecyparis,obtusa,,9/11/2015
a1iG0000004GB77IAG,Cornus florida - Cherokee Brave,"Dogwood, Flowering Cherokee Brave",Cherokee Brave,Cornus,florida,Small Tree,9/11/2015
a1iG0000004GB78IAG,Diospyros kaki - Imoto,"Persimmon, Japanese Imoto",Imoto,Diospyros,kaki,,9/11/2015
a1iG0000004GB7AIAW,Diospyros virginiana - Weber,"Persimmon, American Weber",Weber,Diospyros,virginiana,Medium Tree,9/11/2015
a1iG0000004GB7BIAW,Diospyros virginiana - Yates,"Persimmon, American Yates",Yates,Diospyros,virginiana,Medium Tree,9/11/2015
a1iG0000004GB7CIAW,Euonymus americanus,Strawberry Bush,,Euonymus,americanus,,9/11/2015
a1iG0000004GB7DIAW,Ginkgo biloba - Princeton Sentry,"Maidenhair Tree, Princeton Sentry",Princeton Sentry,Ginkgo,biloba,Large Tree,9/11/2015
a1iG0000004GB7EIAW,Ginkgo biloba - Golden Colonnade,"Maidenhair Tree, Golden Colonnade",Golden Colonnade,Ginkgo,biloba,Large Tree,9/11/2015
a1iG0000004GB7FIAW,Halesia carolina (tetraptera) - Rosy Ridge,"Silverbell, Carolina Rosy Ridge",Rosy Ridge,Halesia,carolina (tetraptera),Small Tree,9/11/2015
a1iG0000004GB7GIAW,Ilex opaca - Dan Fenton,"Holly, American Dan Fenton",Dan Fenton,Ilex,opaca,Medium Tree,9/11/2015
a1iG0000004GB7HIAW,Ilex opaca - Greenleaf,"Holly, American Greenleaf",Greenleaf,Ilex,opaca,Medium Tree,9/11/2015
a1iG0000004GB7IIAW,Ilex opaca - Portia Orton,"Holly, American Portia Orton",Portia Orton,Ilex,opaca,Medium Tree,9/11/2015
a1iG0000004GB7JIAW,Ilex opaca - Satyr Hill,"Holly, American Satyr Hill",Satyr Hill,Ilex,opaca,Medium Tree,9/11/2015
a1iG0000004GB7KIAW,Juniperus virginiana - Burkii,"Cedar, Eastern Red Burkii",Burkii,Juniperus,virginiana,Medium Tree,9/11/2015
a1iG0000004GB7LIAW,Juniperus virginiana - Emerald Sentinel,"Cedar, Eastern Red Emerald Sentinel",Emerald Sentinel,Juniperus,virginiana,Medium Tree,9/11/2015
a1iG0000004GB7MIAW,Magnolia grandiflora - Bracken's Brown Beauty,"Magnolia, Southern Bracken's Brown Beauty",Bracken's Brown Beauty,Magnolia,grandiflora,Large Tree,9/11/2015
a1iG0000004GB7NIAW,Magnolia grandiflora - Claudia Wannamaker,"Magnolia, Southern Claudia Wannamaker",Claudia Wannamaker,Magnolia,grandiflora,Large Tree,9/11/2015
a1iG0000004GB7OIAW,Magnolia grandiflora - Edith Bogue,"Magnolia, Southern Edith Bogue",Edith Bogue,Magnolia,grandiflora,Large Tree,9/11/2015
a1iG0000004GB7PIAW,Malus domestica - Albemarle Pippin,"Apple, Albemarle Pippin",Albemarle Pippin,Malus,domestica,,9/11/2015
a1iG0000004GB7RIAW,Malus domestica - Centennial,"Apple, Centennial",Centennial,Malus,domestica,,9/11/2015
a1iG0000004GB7TIAW,Malus domestica - Pristine,"Apple, Pristine",Pristine,Malus,domestica,,9/11/2015
a1iG0000004GB7UIAW,Malus domestica - Red Fuji,"Apple, Red Fuji",Red Fuji,Malus,domestica,,9/11/2015
a1iG0000004GB7VIAW,Malus domestica - Stayman Winesap,"Apple, Stayman Winesap",Stayman Winesap,Malus,domestica,,9/11/2015
a1iG0000004GB7YIAW,Metasequoia glyptostroboides - Gold Rush,"Redwood, Dawn Gold Rush",Gold Rush,Metasequoia,glyptostroboides,Large Tree,9/11/2015
a1iG0000004GB7aIAG,Morus alba - Shangri La,"Mulberry, White Shangra La",,Morus,alba,,9/11/2015
a1iG0000004GB7bIAG,Morus rubra,"Mulberry, Red",,Morus,rubra,,9/11/2015
a1iG0000004GB7cIAG,Nyssa sylvatica - Green Gable,"Blackgum, Green Gable",Green Gable,Nyssa,sylvatica,Medium Tree,9/11/2015
a1iG0000004GB7fIAG,Pinus echinata,"Pine, Shortleaf",,Pinus,echinata,,9/11/2015
a1iG0000004GB7gIAG,Pinus strobus - Fastigiata,"Pine, Eastern White Fastigiata",Fastigiata,Pinus,strobus,,9/11/2015
a1iG0000004GB7hIAG,Pistacia chinensis - Western Son,"Pistache, Chinese Western Son",Western Son,Pistacia,chinensis,Medium Tree,9/11/2015
a1iG0000004GB7iIAG,Prunus avium - Bing,"Cherry, Sweet Bing",Bing,Prunus,avium,,9/11/2015
a1iG0000004GB7jIAG,Prunus avium - Black Gold,"Cherry, Sweet Black Gold",Black Gold,Prunus,avium,,9/11/2015
a1iG0000004GB7kIAG,Prunus avium - Blaze Star,"Cherry, Sweet Blaze Star",Blaze Star,Prunus,avium,,9/11/2015
a1iG0000004GB7lIAG,Prunus avium - Kristin,"Cherry, Sweet Kristin",Kristin,Prunus,avium,,9/11/2015
a1iG0000004GB7mIAG,Prunus avium - Lala Star,"Cherry, Sweet Lala Star",Lala Star,Prunus,avium,,9/11/2015
a1iG0000004GB7nIAG,Prunus avium - Rainier,"Cherry, Sweet Rainier",Rainier,Prunus,avium,,9/11/2015
a1iG0000004GB7oIAG,Prunus avium - Stella,"Cherry, Sweet Stella",Stella,Prunus,avium,,9/11/2015
a1iG0000004GB7pIAG,Prunus cerasus - Montmorency,"Cherry, Sour Montmorency",Montmorency,Prunus,cerasus,,9/11/2015
a1iG0000004GB7rIAG,Prunus persica - Gloria,"Peach, Gloria",Gloria,Prunus,persica,,9/11/2015
a1iG0000004GB7sIAG,Prunus persica - Green Leaf Patio,"Peach, Green Leaf Patio",Green Leaf Patio,Prunus,persica,,9/11/2015
a1iG0000004GB7tIAG,Prunus persica - Scarlet Pearl,"Peach, Scarlet Pearl",Scarlet Pearl,Prunus,persica,,9/11/2015
a1iG0000004GB7vIAG,Pyrus communis - Magness,"Pear, European Magness",Magness,Pyrus,communis,,9/11/2015
a1iG0000004GB7wIAG,Pyrus communis - Anjou,"Pear, European Anjou",Anjou,Pyrus,communis,,9/11/2015
a1iG0000004GB7xIAG,Pyrus communis - Bartlett,"Pear, European Bartlett",Bartlett,Pyrus,communis,,9/11/2015
a1iG0000004GB7yIAG,Pyrus communis - Blake's Pride,"Pear, European Blake's Pride",Blake's Pride,Pyrus,communis,,9/11/2015
a1iG0000004GB7zIAG,Pyrus communis - Honeysweet,"Pear, European Honeysweet",Honeysweet,Pyrus,communis,,9/11/2015
a1iG0000004GB80IAG,Pyrus communis - Potomac,"Pear, European Potomac",Potomac,Pyrus,communis,,9/11/2015
a1iG0000004GB81IAG,Pyrus communis - Seckel,"Pear, European Seckel",Seckel,Pyrus,communis,,9/11/2015
a1iG0000004GB82IAG,Pyrus pyrifolia - Korean Giant,"Pear, Asian Korean Giant",Korean Giant,Pyrus,pyrifolia,,9/11/2015
a1iG0000004GB83IAG,Pyrus pyrifolia - Shinko,"Pear, Asian Shinko",Shinko,Pyrus,pyrifolia,,9/11/2015
a1iG0000004GB84IAG,Pyrus pyrifolia - Shinseiki,"Pear, Asian Shinseiki",Shinseiki,Pyrus,pyrifolia,,9/11/2015
a1iG0000004GB85IAG,Pyrus pyrifolia - Atago,"Pear, Asian Atago",Atago,Pyrus,pyrifolia,,9/11/2015
a1iG0000004GB86IAG,Quercus bicolor - American Dream,"Oak, Swamp White American Dream",American Dream,Quercus,bicolor,Large Tree,9/11/2015
a1iG0000004GB87IAG,Robinia hispida,"Locust, Rose",,Robinia,hispida,,9/11/2015
a1iG0000004GB88IAG,Tilia americana - Continental Appeal,"Linden, American Continental Appeal",Continental Appeal,Tilia,americana,Large Tree,9/11/2015
a1iG0000004GB89IAG,Tilia cordata - Glenleven,"Linden, Littleleaf Glenleven",Glenleven,Tilia,cordata,,9/11/2015
a1iG0000004GB8AIAW,Tilia tomentosa - Szeleste,"Linden, Silver Szeleste",Szeleste,Tilia,tomentosa,,9/11/2015
a1iG0000004GB8BIAW,Ulmus x sp. - Homestead,"Elm, Homestead",Homestead,Ulmus,x sp.,Large Tree,9/11/2015
a1iG0000004GB8CIAW,Ulmus americana - Prairie Expedition,"Elm, American Prairie Expedition",Prairie Expedition,Ulmus,americana,Large Tree,9/11/2015
a1i0f000004fngPAAQ,Prunus serrulata - Snow Goose,"Cherry, Japanese Flowering Snow Goose",Snow Goose,Prunus,serrulata,Medium Tree,9/13/2017
a1i0f000004gI9fAAE,Juniperus virginiana - Idyllwild,"Cedar, Eastern Red Idyllwild",Idyllwild,Juniperus,virginiana,Medium Tree,2/15/2018
a1i0f000004gJidAAE,Cornus mas - Golden Glory,"Dogwood, Cornelian Cherry Golden Glory",Golden Glory,Cornus,mas,,2/26/2018
a1i0f000004fnKTAAY,Magnolia grandiflora - Little Gem,"Magnolia, Southern Little Gem",Little Gem,Magnolia,grandiflora,Large Tree,9/11/2017
a1i0f000004fnKYAAY,Cornus mas,"Dogwood, Cornelian Cherry",,Cornus,mas,,9/11/2017
a1i0f000004gFv4AAE,Ulmus davidiana var. japonica - Discovery,"Elm, Discovery",Discovery,Ulmus,davidiana var. japonica,Large Tree,1/30/2018
a1i0f000004fnKJAAY,Cornus florida - Cherokee Chief,"Dogwood, Flowering Cherokee Chief",Cherokee Chief,Cornus,florida,Small Tree,9/11/2017
a1i0f000004gKY1AAM,Baccharis halimifolia,Groundseltree,,Baccharis,halimifolia,,3/5/2018
a1i0f000004gKi6AAE,Ulmus x sp. - Morton Stalwart Commendation,"Elm, Morton Stalwart Commendation",Morton Stalwart Commendation,Ulmus,x sp.,Large Tree,3/6/2018
a1i0f000004gGjAAAU,Magnolia virginiana - Experimental-ARS,"Magnolia, Sweetbay Experimental-ARS",Experimental-ARS,Magnolia,virginiana,Small Tree,2/5/2018
a1i0f000004fzIZAAY,Juniperus virginiana - Brodie,"Cedar, Eastern Red Brodie",Brodie,Juniperus,virginiana,Medium Tree,11/22/2017
a1i0f000004fzIUAAY,Cornus florida - Cloud Nine,"Dogwood, Flowering Cloud Nine",Cloud Nine,Cornus,florida,Small Tree,11/22/2017
a1i0f000004GiogAAC,Prunus persica - Stark Early White Giant,"Peach, Stark Early White Giant",Stark Early White Giant,Prunus,persica,,3/9/2017
a1iG0000004L5DGIA0,Abies concolor,"Fir, White",,Abies,concolor,,2/2/2016
a1iG0000004L5IQIA0,Cornus x rutgan - Stellar Pink,"Dogwood, Stellar Pink",Stellar Pink,Cornus,x rutgan,,2/2/2016
a1iG0000004L5IGIA0,Cercis canadensis - Appalachian Red,"Redbud, Eastern Appalachian Red",Appalachian Red,Cercis,canadensis,Small Tree,2/2/2016
a1iG0000004XQFfIAO,Celtis occidentalis x laevigata - Magnifica,"Hackberry, Sugar Magnifica",Magnifica,Celtis,occidentalis x laevigata,,12/6/2016
a1iG0000004XQFaIAO,Rhus typhina,"Sumac, Staghorn",,Rhus,typhina,,12/6/2016
a1iG0000004L5UoIAK,Diospyros kaki - Izu,"Persimmon, Japanese Izu",Izu,Diospyros,kaki,,2/4/2016
a1iG0000004L5UUIA0,Prunus domestica - Stanley,"Plum, European Stanley",Stanley,Prunus,domestica,,2/4/2016
a1iG0000004L5UZIA0,Prunus salicina - Santa Rosa,"Plum, Japanese Santa Rosa",Santa Rosa,Prunus,salicina,,2/4/2016
a1iG0000004L5UeIAK,Diospyros kaki - Hana Fuyu,"Persimmon, Japanese Hana Fuyu",Hana Fuyu,Diospyros,kaki,,2/4/2016
a1iG0000004L5UPIA0,Prunus cerasifera - Atropurpurea,"Plum, Cherry Purple Leaf Atropurpurea",Atropurpurea,Prunus,cerasifera,,2/4/2016
a1iG0000004Xg1eIAC,Diospyros kaki - Ichi-Ki-Kei-Jiro,"Persimmon, Japanese Dwarf 1stFromLife Jiro",Ichi-Ki-Kei-Jiro,Diospyros,kaki,,2/24/2017
a1iG0000000Krk6IAC,Acer saccharum - Legacy,"Maple, Sugar Legacy",Legacy,Acer,saccharum,,8/2/2016
a1i0f000004GlJaAAK,Magnolia virginiana - Henry Hicks,"Magnolia, Sweetbay Henry Hicks",Henry Hicks,Magnolia,virginiana,Small Tree,3/30/2017
a1i0f000004GlJVAA0,Magnolia virginiana var. australis,"Magnolia, Swamp",,Magnolia,virginiana var. australis,,3/30/2017
a1i0f000004Gl4VAAS,Salix exigua,"Willow, Coyote",,Salix,exigua,,3/29/2017
a1i0f000004GpghAAC,Taxodium ascendens,"Cypress, Pond",,Taxodium,ascendens,Large Tree,5/17/2017
a1i0f000004Gq7VAAS,Malus speciosa - Royal Raindrops,"Crabapple, Flowering Royal Raindrops",Royal Raindrops,Malus,speciosa,,5/22/2017
a1i0f000004GpgNAAS,Maackia amurensis - Starburst,"Maackia, Amur Starburst",Starburst,Maackia,amurensis,,5/17/2017
a1i0f000004Gq6QAAS,Taxodium ascendens - Carolyn Malone,"Cypress, Pond Carolyn Malone Greenfeather",Carolyn Malone,Taxodium,ascendens,Large Tree,5/22/2017
a1i0f000004Gq6aAAC,Zelkova serrata - Village Green,"Zelkova, Japanese Village Green",Village Green,Zelkova,serrata,Large Tree,5/22/2017
a1i0f000004Gq7fAAC,Quercus macrocarpa - Urban Pinnacle,"Oak, Bur Urban Pinnacle",Urban Pinnacle,Quercus,macrocarpa,Large Tree,5/22/2017
a1i0f000004Gq7BAAS,Nyssa sylvatica - Red Rage,"Blackgum, Red Rage",Red Rage,Nyssa,sylvatica,Medium Tree,5/22/2017
a1i0f000004Gq7QAAS,Malus speciosa - Dolgo,"Crabapple, Flowering Dolgo",Dolgo,Malus,speciosa,,5/22/2017
a1i0f000004Gq7GAAS,Acer x freemanii - Firefall,"Maple, Freeman Firefall",Firefall,Acer,x freemanii,,5/22/2017
a1i0f000004GpgcAAC,Ulmus glabra - Triumph,"Elm, Scotch Triumph",Triumph,Ulmus,glabra,Large Tree,5/17/2017
a1i0f000004Gq7LAAS,Halesia carolina (tetraptera) - UConn Wedding Bells,"Silverbell, Carolina UConn Wedding Bells",UConn Wedding Bells,Halesia,carolina (tetraptera),Small Tree,5/22/2017
a1i0f000004GpgSAAS,Maackia amurensis,"Maackia, Amur",,Maackia,amurensis,,5/17/2017
a1iG0000000KZkHIAW,Prunus salicina - Starking Delicious,"Plum, Japanese Starking Delicious",Starking Delicious,Prunus,salicina,,3/31/2016
a1iG0000000KZkMIAW,Asimina triloba - Prolific,"Pawpaw, Prolific",Prolific,Asimina,triloba,Small Tree,3/31/2016
a1iG0000000KZkCIAW,Lagerstroemia indica x fauriei - Natchez,"Crapemyrtle, Natchez",Natchez,Lagerstroemia,indica x fauriei,,3/31/2016
a1iG0000000KZkWIAW,Asimina triloba - Overleese,"Pawpaw, Overleese",Overleese,Asimina,triloba,Small Tree,3/31/2016
a1iG0000000KZkRIAW,Asimina triloba - Wells,"Pawpaw, Wells",Wells,Asimina,triloba,Small Tree,3/31/2016
a1iG0000000KZk7IAG,Thuja standishii x plicata - Green Giant,"Arborvitae, Green Giant",Green Giant,Thuja,standishii x plicata,,3/31/2016
a1iG0000000KxpoIAC,Prunus domestica - President,"Plum, European President",President,Prunus,domestica,,8/26/2016
a1iG0000000KxpjIAC,Prunus avium - Sam,"Cherry, Sweet Sam",Sam,Prunus,avium,,8/26/2016
a1iG0000004G7obIAC,Hamamelis x intermedia - Jelena,"Witch Hazel, Jelena",Jelena,Hamamelis,x intermedia,,8/24/2015
a1iG0000004G7oHIAS,Asimina triloba - NC-1,"Pawpaw, NC-1",NC-1,Asimina,triloba,Small Tree,8/24/2015
a1iG0000004G7ogIAC,Magnolia macrophylla - Ashei,"Magnolia, Bigleaf Ashe",Ashei,Magnolia,macrophylla,,8/24/2015
a1iG0000004Xal2IAC,Ilex x attenuata - Fosteri,"Holly, Topal Foster",Fosteri,Ilex,x attenuata,,2/2/2017
a1i0f000004GzcbAAC,Malus x sp. - Harvest Gold,"Crabapple, Flowering Harvest Gold",Harvest Gold,Malus,x sp.,,8/17/2017
a1i0f000004H0POAA0,Viburnum trilobum,"Cranberrybush, American",,Viburnum,trilobum,,8/24/2017
a1i0f000004H0P4AAK,Parrotia persica - Ruby Vase,"Ironwood, Persian Ruby Vase",Ruby Vase,Parrotia,persica,,8/24/2017
a1iG0000004G8h3IAC,Prunus persica - Red Haven,"Peach, Red Haven",Red Haven,Prunus,persica,,8/28/2015
a1i0f000004H0PJAA0,Magnolia grandiflora - D.D. Blanchard,"Magnolia, Southern D.D. Blanchard",D.D. Blanchard,Magnolia,grandiflora,Large Tree,8/24/2017
a1iG0000004G8gUIAS,Amelanchier alnifolia - Regent,"Serviceberry, Regent",Regent,Amelanchier,alnifolia,,8/28/2015
a1iG0000004G8geIAC,Amelanchier x grandiflora - Princess Diana,"Serviceberry, Apple Princess Diana",Princess Diana,Amelanchier,x grandiflora,Small Tree,8/28/2015
a1iG0000004G8iQIAS,Ulmus americana - Jefferson,"Elm, American Jefferson",Jefferson,Ulmus,americana,Large Tree,8/28/2015
a1i0f000004GqbGAAS,Itea virginica,Virginia Sweetspire,,Itea,virginica,,5/30/2017
